{
    "cameraAzimuth": 186,
    "cameraDistance": 39.220001220703125,
    "cameraPolar": 69.5,
    "color1": "#00c8ff",
    "color2": "#b400ff",
    "color3": "#001450",
    "fieldOfView": 10,
    "noiseDensity": 5.539999961853027,
    "noiseStrength": 3.450000047683716,
    "objectPosX": 0,
    "objectPosY": 0,
    "objectPosZ": 0,
    "objectRotX": 0,
    "objectRotY": 0,
    "objectRotZ": 0,
    "pixelDensity": 4.699999809265137,
    "speed": 0.05999999865889549,
    "spiral": 10,
    "type": "WaterPlane"
}
